id,x_0,x_1
0.0,0.12378325313329697,-0.006791976280510426
1.0,0.2435445785522461,0.1038646474480629
2.0,-0.05787431448698044,-0.30805522203445435
3.0,0.1626022905111313,0.1289604902267456
4.0,-0.12366683036088943,-0.2494320571422577
5.0,-0.26797226071357727,0.1656578928232193
6.0,-0.3764166831970215,0.08807334303855896
7.0,-0.19636794924736023,-0.13678903877735138
8.0,-0.008086835965514183,-0.3011173605918884
9.0,0.20925372838974,0.15216495096683502
10.0,-0.24683187901973724,-0.1575576514005661
11.0,-0.11682530492544174,-0.19903674721717834
12.0,0.00246919016353786,0.2818368971347809
13.0,0.2986447811126709,0.03308950364589691
14.0,0.2808876633644104,0.337965190410614
15.0,0.276423841714859,0.3880382478237152
16.0,-0.23879803717136383,0.30198904871940613
17.0,-0.2994728088378906,-0.33291831612586975
18.0,-0.13390375673770905,-0.013902580365538597
19.0,0.3386490046977997,-0.19858992099761963
20.0,-0.09168260544538498,-0.04457684978842735
21.0,-0.1696016639471054,-0.3217909336090088
22.0,-0.09407408535480499,0.18455322086811066
23.0,0.259742796421051,-0.0002455465728417039
24.0,-0.30747190117836,0.02283858135342598
25.0,-0.09420903772115707,0.1845744550228119
26.0,0.145799919962883,0.07920040935277939
27.0,0.19897311925888062,0.2977103888988495
28.0,0.29848721623420715,0.03329065442085266
29.0,0.03254580497741699,0.3235836327075958
30.0,-0.4040262997150421,0.02047172747552395
31.0,0.1458716094493866,-0.10033894330263138
32.0,-0.006825470365583897,-0.021890508010983467
33.0,-0.048193156719207764,0.29231569170951843
34.0,0.23349349200725555,-0.09251236170530319
35.0,-0.13019929826259613,0.22169062495231628
36.0,0.0024300096556544304,0.28164201974868774
37.0,0.027329010888934135,0.013773479498922825
38.0,-0.21921420097351074,0.3481138050556183
39.0,-0.07723106443881989,-0.22903352975845337
40.0,0.33245062828063965,-0.2850796580314636
41.0,0.024987289682030678,0.23576407134532928
42.0,0.23827138543128967,-0.19421976804733276
43.0,0.29348695278167725,-0.1407311111688614
44.0,0.1799962818622589,-0.2641930878162384
45.0,0.06312289834022522,0.05371600762009621
46.0,0.07505116611719131,0.007033689878880978
47.0,0.2944395840167999,0.1020614355802536
48.0,0.016703031957149506,-0.1831260472536087
49.0,-0.17134013772010803,0.01728973723948002
50.0,-0.3499675691127777,-0.3201451003551483
51.0,-0.1441204994916916,0.1019233986735344
52.0,0.1105654388666153,0.042115043848752975
53.0,0.2339669167995453,-0.09224259853363037
54.0,-0.16624435782432556,0.14768660068511963
55.0,0.2864045202732086,0.07913807034492493
56.0,0.008485718630254269,-0.07057292759418488
57.0,-0.025743627920746803,-0.15778854489326477
58.0,-0.019375111907720566,0.027813104912638664
59.0,-0.19593583047389984,-0.13639405369758606
60.0,-0.05562790110707283,-0.0085026565939188
61.0,-0.2553745210170746,0.2145330309867859
62.0,0.016750384122133255,-0.18300198018550873
63.0,-0.21574178338050842,-0.2893705666065216
64.0,-0.07880479842424393,0.23266290128231049
65.0,-0.05540639907121658,0.14786146581172943
66.0,0.06159006804227829,-0.15797863900661469
67.0,-0.062451060861349106,0.350858211517334
68.0,0.23827387392520905,-0.19422172009944916
69.0,-0.20375782251358032,0.24624322354793549
70.0,-0.09509889036417007,0.08616932481527328
71.0,0.3522830009460449,-0.051814671605825424
72.0,0.23828253149986267,-0.19427557289600372
73.0,0.23822517693042755,-0.1942034214735031
74.0,-0.045872025191783905,0.19753769040107727
75.0,-0.14410696923732758,0.10182510316371918
76.0,-0.1951807290315628,0.11255887895822525
77.0,-0.1073855385184288,-0.30004432797431946
78.0,0.28838542103767395,-0.06375187635421753
79.0,0.1940135359764099,-0.12332272529602051
80.0,-0.17600299417972565,-0.04048910737037659
81.0,0.3943615257740021,-0.13239409029483795
82.0,-0.1318429708480835,0.05021751672029495
83.0,-0.13183797895908356,0.050238028168678284
84.0,0.30516567826271057,-0.02624552883207798
85.0,0.06139026954770088,-0.15799057483673096
86.0,0.023436028510332108,-0.334769606590271
87.0,0.19548951089382172,0.10371863096952438
88.0,-0.21570660173892975,-0.00883068423718214
89.0,-0.2157915234565735,-0.008751511573791504
90.0,-0.16787157952785492,0.35314545035362244
91.0,0.0024610552936792374,0.28161534667015076
92.0,-0.1441216617822647,0.10189859569072723
93.0,0.017611978575587273,-0.13114020228385925
94.0,0.060941651463508606,-0.2088245153427124
95.0,0.042538225650787354,-0.28664281964302063
96.0,0.043084073811769485,0.10071258991956711
97.0,0.18823236227035522,-0.07183191180229187
98.0,0.3442804515361786,-0.14973510801792145
99.0,-0.18963345885276794,0.30587372183799744
100.0,0.1403421014547348,-0.17689774930477142
101.0,-0.05559708550572395,0.14795348048210144
102.0,-0.3234521746635437,-0.09145968407392502
103.0,0.09910963475704193,-0.12287897616624832
104.0,-0.40767401456832886,-0.04068182036280632
105.0,-0.13182097673416138,0.05022995173931122
106.0,0.20652034878730774,-0.23231294751167297
107.0,-0.10769601911306381,-0.39919421076774597
108.0,0.36591529846191406,0.11107897758483887
109.0,-0.13183918595314026,0.05023178085684776
110.0,-0.32107794284820557,0.16590499877929688
111.0,-0.12854640185832977,-0.44445133209228516
112.0,0.14989158511161804,-0.2987813651561737
113.0,-0.18033139407634735,0.06617201864719391
114.0,0.0499255396425724,0.19113445281982422
115.0,-0.2377740442752838,-0.10755942016839981
116.0,0.1796046942472458,0.34361106157302856
117.0,-0.27841395139694214,0.07521393895149231
118.0,-0.09168194979429245,-0.04456976801156998
119.0,-0.1478574424982071,-0.11838680505752563
120.0,-0.2269214242696762,-0.05814727395772934
121.0,0.2221076935529709,-0.034636061638593674
122.0,0.040500689297914505,-0.030663589015603065
123.0,-0.29657503962516785,0.12285246700048447
124.0,0.0006003762828186154,0.19040802121162415
125.0,0.21291449666023254,0.24948684871196747
126.0,0.17310702800750732,-0.020036479458212852
127.0,-0.027770578861236572,-0.20922386646270752
128.0,-0.1164301335811615,-0.19920022785663605
129.0,-0.13021694123744965,0.22168675065040588
130.0,0.1459476351737976,-0.10035757720470428
131.0,-0.05549737066030502,0.14806436002254486
132.0,-0.1774580478668213,-0.04073440283536911
133.0,-0.10424681752920151,0.13509482145309448
134.0,0.1883508265018463,-0.07175885885953903
135.0,0.3523087203502655,-0.0518556647002697
136.0,-0.0015454422682523727,0.07554562389850616
137.0,0.23021714389324188,0.3406783938407898
138.0,-0.2041858732700348,-0.1867545247077942
139.0,0.24353167414665222,0.10383392870426178
140.0,-0.36833834648132324,0.1852470487356186
141.0,0.0004821532347705215,0.19075660407543182
142.0,-0.40790966153144836,-0.25339439511299133
143.0,0.3084146976470947,-0.09181948751211166
144.0,-0.20980235934257507,-0.23764939606189728
145.0,0.043084923177957535,0.1007196381688118
146.0,0.23726527392864227,0.19734248518943787
147.0,0.0833444595336914,-0.2579370439052582
148.0,0.1357412338256836,-0.17412056028842926
149.0,0.33979716897010803,0.2027367353439331
150.0,0.14582744240760803,0.07908574491739273
151.0,-0.024822941049933434,-0.3423524796962738
152.0,0.09840834885835648,0.18528616428375244
153.0,0.2882874011993408,0.1988038569688797
154.0,-0.2135964184999466,0.15997174382209778
155.0,0.14600171148777008,-0.1002514511346817
156.0,-0.006663211155682802,-0.02142607979476452
157.0,0.23734396696090698,0.19712966680526733
158.0,0.2609686553478241,0.15172730386257172
159.0,-0.21578118205070496,-0.008777078241109848
160.0,-0.13015638291835785,0.22160151600837708
161.0,-0.3640907108783722,-0.010346341878175735
162.0,0.2597813606262207,-0.00039708794793114066
163.0,0.026395834982395172,0.05029438063502312
164.0,0.24578295648097992,0.050239477306604385
165.0,-0.15940353274345398,0.2642276883125305
166.0,-0.2572050094604492,0.028322625905275345
167.0,0.22977517545223236,-0.3486449122428894
168.0,0.016604384407401085,-0.1840299516916275
169.0,0.07645358890295029,0.232879176735878
170.0,-0.0788663998246193,0.23278477787971497
171.0,0.09909766912460327,-0.12288591265678406
172.0,0.054866909980773926,-0.09727207571268082
173.0,-0.1318415403366089,0.05024009197950363
174.0,0.15716853737831116,0.26797038316726685
175.0,0.09957313537597656,-0.3741260766983032
176.0,-0.10428190976381302,0.1350870281457901
177.0,-0.006926245056092739,-0.021542713046073914
178.0,0.310618132352829,0.24442657828330994
179.0,-0.1396712064743042,0.3112429082393646
180.0,0.017386574298143387,-0.23374922573566437
181.0,0.26094791293144226,0.15182863175868988
182.0,0.01753958687186241,-0.1311049610376358
183.0,-0.1595817357301712,0.26409024000167847
184.0,-0.2229679375886917,0.20768512785434723
185.0,-0.20421646535396576,-0.1867053359746933
186.0,0.07640901207923889,0.2326841801404953
187.0,-0.43868011236190796,-0.10977112501859665
188.0,-0.1163356825709343,-0.19915467500686646
189.0,-0.22900058329105377,0.07443330436944962
190.0,0.12349927425384521,-0.42647504806518555
191.0,0.19187426567077637,-0.31534692645072937
192.0,0.2658000886440277,-0.38027897477149963
193.0,0.34704411029815674,0.11815090477466583
194.0,0.14914271235466003,-0.2989221215248108
195.0,-0.25119462609291077,-0.20837678015232086
196.0,-0.027904411777853966,-0.10748104751110077
197.0,-0.32477083802223206,-0.07595714926719666
198.0,0.043098703026771545,0.10076148808002472
199.0,-0.09422419220209122,0.1845804750919342
200.0,0.3942389190196991,-0.13260304927825928
201.0,0.13618355989456177,0.31512323021888733
202.0,-0.20418617129325867,-0.1867556869983673
203.0,-0.3216026723384857,0.1659276932477951
204.0,0.032584309577941895,0.32355356216430664
205.0,0.1984643042087555,0.2984902858734131
206.0,0.20943056046962738,0.014814996160566807
207.0,0.40108993649482727,-0.03243023529648781
208.0,-0.04622194916009903,0.19527681171894073
209.0,0.08651827275753021,-0.034277353435754776
210.0,-0.09383213520050049,0.18458911776542664
211.0,0.20662209391593933,0.3872404098510742
212.0,0.13627426326274872,0.31497815251350403
213.0,-0.04189825430512428,-0.0582025982439518
214.0,-0.06827573478221893,0.04239721968770027
215.0,0.054629821330308914,-0.09672584384679794
216.0,0.1394970864057541,-0.34296876192092896
217.0,-0.019836964085698128,0.027990242466330528
218.0,0.11025673896074295,0.04241490364074707
219.0,0.10353408753871918,-0.07292250543832779
220.0,-0.05574037507176399,0.14765463769435883
221.0,-0.14116953313350677,0.16977453231811523
222.0,0.2125730812549591,0.24920155107975006
223.0,-0.006764838472008705,-0.02168918401002884
224.0,-0.34873148798942566,0.23212820291519165
225.0,0.2584596574306488,-0.2406708300113678
226.0,-0.07970990985631943,-0.09322573989629745
227.0,0.2618279457092285,0.2419971376657486
228.0,0.30177992582321167,0.29304686188697815
229.0,-0.2561163008213043,0.21488603949546814
230.0,0.017533492296934128,-0.1311195343732834
231.0,0.23740756511688232,0.19700202345848083
232.0,-0.12365847080945969,-0.24944095313549042
233.0,0.06037631258368492,0.3668140470981598
234.0,-0.02606770396232605,-0.15804244577884674
235.0,0.008172447793185711,-0.07048103213310242
236.0,0.3385368287563324,-0.198552668094635
237.0,-0.2225501388311386,0.20852790772914886
238.0,-0.37672892212867737,0.32011523842811584
239.0,-0.1294916868209839,-0.353270560503006
240.0,0.017573509365320206,-0.13112498819828033
241.0,-0.15623502433300018,-0.16793011128902435
242.0,0.1458791047334671,-0.10029806196689606
243.0,0.2597067356109619,-0.00016085464449133724
244.0,-0.2850797772407532,-0.12313108891248703
245.0,-0.27847546339035034,0.07516653090715408
246.0,0.19396688044071198,-0.12332542985677719
247.0,0.14610566198825836,-0.3914746940135956
248.0,0.3091561496257782,-0.2410515993833542
249.0,0.15890830755233765,-0.21452105045318604
250.0,0.1571493297815323,0.2680317461490631
251.0,-0.10215941816568375,0.009140918031334877
252.0,-0.10207822173833847,0.008548029698431492
253.0,0.1600153148174286,-0.21519115567207336
254.0,-0.04867633432149887,0.2864609658718109
255.0,-0.2732064127922058,-0.2948693335056305
256.0,-0.11410132795572281,0.35439544916152954
257.0,-0.2138233482837677,0.1599419116973877
258.0,-0.1756311058998108,-0.040556248277425766
259.0,-0.17769083380699158,0.202278271317482
260.0,0.16261620819568634,0.12895441055297852
261.0,0.1988867074251175,0.2975939214229584
262.0,-0.06833343207836151,0.0423772893846035
263.0,0.25971150398254395,-0.00018775547505356371
264.0,-0.2268240600824356,-0.058106377720832825
265.0,0.04308298975229263,0.10072991997003555
266.0,-0.10249856859445572,0.008588411845266819
267.0,0.05426575988531113,0.2780904769897461
268.0,0.07071315497159958,0.1433546543121338
269.0,0.017748983576893806,-0.13118988275527954
270.0,0.22761303186416626,-0.27948758006095886
271.0,0.2614881992340088,0.24239908158779144
272.0,-0.1773914098739624,0.2017061412334442
273.0,0.14523100852966309,0.07898947596549988
274.0,-0.09508560597896576,0.08623165637254715
275.0,0.017581606283783913,-0.1311536729335785
276.0,0.0024672611616551876,0.2817932665348053
277.0,0.12660448253154755,0.22685790061950684
278.0,-0.40566980838775635,-0.1458733081817627
279.0,0.14577756822109222,0.079261414706707
280.0,0.017534323036670685,-0.13116350769996643
281.0,0.19191068410873413,-0.31534457206726074
282.0,0.010726205073297024,0.36682963371276855
283.0,-0.4085657000541687,-0.14952395856380463
284.0,0.008381510153412819,-0.0705680325627327
285.0,-0.17306143045425415,-0.041509270668029785
286.0,-0.06914696842432022,-0.17940035462379456
287.0,-0.21827034652233124,0.34749481081962585
288.0,0.20636647939682007,-0.23234352469444275
289.0,0.2092621773481369,0.1521824598312378
290.0,-0.3161221146583557,-0.28187254071235657
291.0,-0.24586910009384155,0.12066452950239182
292.0,0.3115290701389313,0.24455620348453522
293.0,0.049898628145456314,0.19125692546367645
294.0,0.09409750998020172,0.09288042783737183
295.0,0.19406919181346893,-0.12331496179103851
296.0,-0.0951099693775177,0.08624079078435898
297.0,-0.28520941734313965,-0.1234043538570404
298.0,0.1915445327758789,-0.17495012283325195
299.0,0.01726028136909008,-0.23347514867782593
300.0,0.19153036177158356,-0.17493993043899536
301.0,-0.02787109464406967,-0.10704848170280457
302.0,0.04045668989419937,-0.030661476776003838
303.0,0.23824304342269897,-0.1941908746957779
304.0,0.1970331370830536,0.06258770823478699
305.0,0.10852566361427307,-0.17051593959331512
306.0,0.29356202483177185,-0.1406356245279312
307.0,-0.10131339728832245,0.2776479125022888
308.0,-0.06824012845754623,0.04245549812912941
309.0,-0.06282921880483627,0.35045135021209717
310.0,-0.13014625012874603,0.22164952754974365
311.0,-0.20976287126541138,-0.23768240213394165
312.0,0.24589930474758148,0.050760090351104736
313.0,-0.04574136435985565,-0.2595882713794708
314.0,-0.20419396460056305,-0.18675687909126282
315.0,-0.3148925304412842,-0.024752940982580185
316.0,-0.0007935377070680261,0.07528940588235855
317.0,-0.18572403490543365,-0.08921455591917038
318.0,0.19883544743061066,0.2976844310760498
319.0,-0.26795217394828796,0.16563279926776886
320.0,0.22200338542461395,-0.03467734158039093
321.0,0.35029399394989014,0.027561098337173462
322.0,0.01757238060235977,-0.13112273812294006
323.0,-0.06938643008470535,-0.18000754714012146
324.0,-0.17682991921901703,-0.04044662415981293
325.0,-0.13174059987068176,0.049987442791461945
326.0,0.3536750376224518,-0.10304344445466995
327.0,-0.24567970633506775,0.11945167928934097
328.0,0.01754934899508953,-0.13112056255340576
329.0,-0.05541243776679039,0.14762133359909058
330.0,-0.2978349030017853,-0.3327173888683319
331.0,-0.09406711906194687,0.18455421924591064
332.0,0.20641015470027924,-0.23223011195659637
333.0,-0.1318388283252716,0.0502241775393486
334.0,0.423228919506073,0.0312674343585968
335.0,0.13635984063148499,0.3150636851787567
336.0,0.14622479677200317,0.17908164858818054
337.0,-0.027877233922481537,-0.10751669853925705
338.0,0.2878916561603546,-0.19769737124443054
339.0,0.36721864342689514,0.3709462881088257
340.0,-0.04787151515483856,0.09998711943626404
341.0,0.1626022309064865,0.12897898256778717
342.0,0.10591287910938263,0.27401813864707947
343.0,0.06311369687318802,0.05372748523950577
344.0,0.0602789968252182,-0.2086418867111206
345.0,-0.09166309982538223,-0.04457937926054001
346.0,-0.18033058941364288,0.0661785826086998
347.0,-0.045818816870450974,0.19750376045703888
348.0,0.008383544161915779,-0.07057559490203857
349.0,0.10586786270141602,0.2741040885448456
350.0,-0.00769133772701025,-0.30248549580574036
351.0,0.14582940936088562,0.0790211483836174
352.0,0.07444125413894653,0.00712116714566946
353.0,0.11662369966506958,0.13864828646183014
354.0,-0.055430006235837936,-0.00844366755336523
355.0,0.19405966997146606,-0.1233198270201683
356.0,-0.05547334626317024,-0.00843246653676033
357.0,-0.26430705189704895,-0.022839175537228584
358.0,-0.027890784665942192,-0.10756577551364899
359.0,-0.0070284768007695675,-0.0215604268014431
360.0,0.04306768998503685,0.10077396780252457
361.0,-0.00701650558039546,-0.021560203284025192
362.0,0.009756598621606827,-0.4133836627006531
363.0,-0.10917699337005615,-0.14867383241653442
364.0,0.2609516680240631,0.1518307626247406
365.0,-0.16338127851486206,-0.21802379190921783
366.0,-0.1711047887802124,0.016850722953677177
367.0,-0.18969883024692535,0.3059978783130646
368.0,0.3635100722312927,0.0217683594673872
369.0,-0.16998176276683807,-0.2692916691303253
370.0,-0.2643258571624756,-0.022830599918961525
371.0,-0.13971483707427979,0.1699928641319275
372.0,-0.07724038511514664,-0.2290327399969101
373.0,0.14409632980823517,-0.05180991813540459
374.0,-0.16760504245758057,0.1463060975074768
375.0,-0.22708024084568024,-0.058125562965869904
376.0,-0.18671855330467224,-0.0887921005487442
377.0,0.19725462794303894,0.06273027509450912
378.0,-0.14047066867351532,0.3112904727458954
379.0,-0.13180634379386902,0.050211962312459946
380.0,-0.18033704161643982,0.06614744663238525
381.0,-0.14796049892902374,-0.1184137761592865
382.0,-0.15940843522548676,0.2641926109790802
383.0,0.04308125749230385,0.10073287039995193
384.0,-0.04850209876894951,0.2887730300426483
385.0,-0.14413957297801971,0.10193255543708801
386.0,-0.3023499548435211,0.21145933866500854
387.0,0.04993119835853577,0.19099976122379303
388.0,0.05440901592373848,-0.09571868181228638
389.0,0.22688542306423187,-0.27954909205436707
390.0,0.23028777539730072,0.3407689034938812
391.0,0.20939788222312927,0.014799544587731361
392.0,-0.10967715084552765,0.27025192975997925
393.0,0.053643979132175446,-0.04784800112247467
394.0,-0.1129387691617012,0.3624376654624939
395.0,0.3825300931930542,-0.010446498170495033
396.0,0.1528877317905426,-0.2846031188964844
397.0,0.3386847972869873,-0.19864240288734436
398.0,0.12663742899894714,0.22655309736728668
399.0,-0.426638126373291,0.18859891593456268
400.0,0.008496158756315708,-0.07054971158504486
401.0,0.13428685069084167,-0.25465789437294006
402.0,0.04307221993803978,0.10075630247592926
403.0,-0.3225700259208679,0.2746676504611969
404.0,-0.048180267214775085,0.2920588552951813
405.0,0.2382316142320633,-0.1942102462053299
406.0,-0.23779043555259705,-0.1075705960392952
407.0,-0.32306864857673645,0.2745100259780884
408.0,-0.019630299881100655,0.028088614344596863
409.0,-0.027555236592888832,-0.2090970277786255
410.0,-0.025330064818263054,0.23834985494613647
411.0,-0.04582758620381355,-0.25958451628685
412.0,-0.10703465342521667,-0.39863768219947815
413.0,0.14583620429039001,0.17901794612407684
414.0,0.18446104228496552,-0.3650359809398651
415.0,-0.3281482756137848,0.0823848769068718
416.0,0.2222929447889328,-0.03471294790506363
417.0,-0.2963496148586273,-0.23394615948200226
418.0,0.0024931144434958696,0.28166261315345764
419.0,-0.13460685312747955,-0.07047878950834274
420.0,0.14582696557044983,0.07910969853401184
421.0,-0.2096886783838272,-0.23752328753471375
422.0,0.2935987412929535,-0.14015047252178192
423.0,0.27835655212402344,-0.28685101866722107
424.0,-0.27605175971984863,-0.07290744036436081
425.0,0.12658953666687012,0.22684955596923828
426.0,-0.1712873876094818,0.017368599772453308
427.0,0.14582422375679016,0.07911418378353119
428.0,0.19093859195709229,-0.3152913451194763
429.0,-0.07784683257341385,-0.35582977533340454
430.0,-0.1702210009098053,-0.38343822956085205
431.0,-0.24561551213264465,0.11956996470689774
432.0,-0.2377900332212448,-0.10756628960371017
433.0,0.017539186403155327,-0.13111382722854614
434.0,0.24993912875652313,0.29281750321388245
435.0,-0.21326184272766113,0.1599888652563095
436.0,-0.003903447650372982,-0.26975440979003906
437.0,0.0746668353676796,0.007066142745316029
438.0,-0.27602359652519226,-0.0729016661643982
439.0,0.08342988789081573,-0.25815021991729736
440.0,-0.2701657712459564,-0.28734710812568665
441.0,0.11758968979120255,0.13782016932964325
442.0,-0.24698737263679504,-0.15781189501285553
443.0,-0.24630671739578247,-0.33059054613113403
444.0,-0.09514378011226654,0.08610749244689941
445.0,-0.1711585819721222,0.01669730432331562
446.0,-0.15623150765895844,-0.16794969141483307
447.0,0.061447229236364365,-0.15782217681407928
448.0,0.15717600286006927,0.2679577171802521
449.0,0.11682363599538803,0.13851182162761688
450.0,-0.25745251774787903,0.02788575552403927
451.0,0.14580054581165314,0.07901754230260849
452.0,0.1919930875301361,0.19977983832359314
453.0,-0.2037227749824524,0.24627742171287537
454.0,-0.22679157555103302,-0.058108724653720856
455.0,-0.4061925411224365,0.15203522145748138
456.0,-0.2157774269580841,-0.008780262432992458
457.0,-0.14410799741744995,0.10182381421327591
458.0,-0.09524114429950714,0.08593966066837311
459.0,-0.15624012053012848,-0.16786469519138336
460.0,0.31194964051246643,0.24442842602729797
461.0,0.2677399516105652,-0.05555187165737152
462.0,-0.027442367747426033,-0.2091609686613083
463.0,0.0430888868868351,0.10072264075279236
464.0,-0.1959390938282013,-0.13638779520988464
465.0,-0.11644445359706879,-0.19911246001720428
466.0,0.27037903666496277,-0.1050744578242302
467.0,-0.1595742553472519,0.2640131413936615
468.0,0.1754772961139679,0.2206343561410904
469.0,-0.24682869017124176,-0.15756048262119293
470.0,-0.10246127843856812,0.00847346056252718
471.0,0.07052784413099289,-0.33191391825675964
472.0,0.002089771907776594,0.07129768282175064
473.0,-0.20977242290973663,-0.23767104744911194
474.0,0.024910055100917816,0.2358465939760208
475.0,-0.21376770734786987,0.15993432700634003
476.0,0.10396768897771835,-0.30499082803726196
477.0,0.09835685044527054,0.1853395402431488
478.0,-0.3289061188697815,-0.1468128114938736
479.0,0.15716084837913513,0.2679879665374756
480.0,0.3244725167751312,-0.008741266094148159
481.0,0.10797325521707535,-0.21466808021068573
482.0,0.14583554863929749,0.079057477414608
483.0,-0.24639160931110382,-0.33002805709838867
484.0,0.0887819305062294,-0.2664501368999481
485.0,-0.1346866339445114,-0.07045430690050125
486.0,0.12373007088899612,-0.006816480308771133
487.0,-0.17658427357673645,-0.040713369846343994
488.0,0.1848372519016266,-0.36522531509399414
489.0,-0.10982000827789307,0.2700131833553314
490.0,0.3088209629058838,-0.09325556457042694
491.0,0.050700437277555466,0.18936586380004883
492.0,0.4012266993522644,-0.03246954083442688
493.0,0.10623413324356079,0.4032791256904602
494.0,0.12439284473657608,-0.0066726370714604855
495.0,-0.09168846905231476,-0.04456517472863197
496.0,-0.15624308586120605,-0.16780853271484375
497.0,-0.2952970564365387,-0.38619107007980347
498.0,-0.35616642236709595,0.04026512801647186
499.0,-0.24683621525764465,-0.15755322575569153
500.0,0.1945856213569641,0.10335711389780045
501.0,-0.20992396771907806,-0.23775936663150787
502.0,0.32964006066322327,-0.006731064524501562
503.0,-0.32818281650543213,0.08239998668432236
504.0,-0.3490530848503113,0.28992679715156555
505.0,0.3615998327732086,-0.24327290058135986
506.0,0.12664340436458588,0.22675161063671112
507.0,-0.026188384741544724,-0.15799753367900848
508.0,0.2888105511665344,-0.18947918713092804
509.0,-0.2642638087272644,-0.022849634289741516
510.0,0.09835880249738693,0.18506579101085663
511.0,-0.019786478951573372,0.02782086469233036
512.0,0.017368312925100327,-0.23392800986766815
513.0,0.1890394538640976,-0.17391781508922577
514.0,-0.025953050702810287,0.23899924755096436
515.0,0.09417888522148132,0.09293560683727264
516.0,-0.07811962813138962,-0.09339727461338043
517.0,0.24123269319534302,-0.14351493120193481
518.0,0.055729132145643234,-0.09622249007225037
519.0,0.3570282459259033,0.26899468898773193
520.0,-0.13257282972335815,-0.30010685324668884
521.0,0.1915484070777893,-0.17495371401309967
522.0,0.24353620409965515,0.10384217649698257
523.0,0.15715084969997406,0.268038809299469
524.0,0.025453852489590645,0.14834079146385193
525.0,-0.10931246727705002,-0.148908793926239
526.0,0.028223520144820213,0.014340457506477833
527.0,0.054975785315036774,-0.09602076560258865
528.0,-0.07779421657323837,-0.35583844780921936
529.0,-0.4378052353858948,0.06008080765604973
530.0,-0.2511579990386963,-0.20841732621192932
531.0,0.2334781289100647,-0.0916149914264679
532.0,-0.04213958978652954,-0.058373015373945236
533.0,-0.07882213592529297,0.2326120138168335
534.0,-0.09509921073913574,0.08614654839038849
535.0,0.010810146108269691,0.36679700016975403
536.0,0.06041471287608147,0.36666470766067505
537.0,0.08286788314580917,-0.2572181224822998
538.0,0.09406803548336029,0.0931926816701889
539.0,0.17355303466320038,-0.019851546734571457
540.0,0.04243258014321327,-0.2868849039077759
541.0,0.1080942377448082,-0.2144497185945511
542.0,-0.2643129527568817,-0.022830937057733536
543.0,0.09916078299283981,-0.12297919392585754
544.0,0.027254367247223854,0.013708671554923058
545.0,0.19419971108436584,-0.12321668863296509
546.0,0.10449930280447006,0.3526850938796997
547.0,-0.1759112924337387,-0.04059843346476555
548.0,-0.06394004076719284,-0.3065961003303528
549.0,0.28876614570617676,-0.1895834505558014
550.0,-0.03231320530176163,0.3915795087814331
551.0,0.2988775968551636,0.0329362228512764
552.0,-0.20418435335159302,-0.18675896525382996
553.0,0.00247196014970541,0.28182390332221985
554.0,-0.14411811530590057,0.10184326022863388
555.0,-0.24362783133983612,0.3927094638347626
556.0,-0.14412687718868256,0.1018722653388977
557.0,-0.22682243585586548,-0.05809096246957779
558.0,-0.06617226451635361,-0.13165180385112762
559.0,0.33594685792922974,0.32985633611679077
560.0,-0.09167115390300751,-0.04458630084991455
561.0,-0.24598531424999237,0.12060942500829697
562.0,0.049924008548259735,0.19112172722816467
563.0,-0.3146026134490967,-0.024586066603660583
564.0,-0.36281636357307434,-0.26998472213745117
565.0,0.1402525156736374,0.3689292371273041
566.0,0.09839199483394623,0.185445636510849
567.0,-0.2468457818031311,-0.15757408738136292
568.0,-0.2872425317764282,0.3092913031578064
569.0,-0.06824836879968643,0.042460422962903976
570.0,0.2411886602640152,-0.1434888392686844
571.0,0.15981525182724,0.02938998118042946
572.0,-0.09421975165605545,0.18457725644111633
573.0,0.25969603657722473,-0.00014303051284514368
574.0,0.3332808315753937,-0.3292514681816101
575.0,0.15716177225112915,0.2679896950721741
576.0,-0.16998113691806793,-0.2693096697330475
577.0,-0.13180582225322723,0.05018698424100876
578.0,-0.27612295746803284,-0.07292170077562332
579.0,0.14647135138511658,0.17896363139152527
580.0,-0.34537065029144287,-0.22367946803569794
581.0,-0.17204061150550842,-0.32693716883659363
582.0,0.26777026057243347,-0.055156175047159195
583.0,-0.39742910861968994,-0.20700177550315857
584.0,0.1925206035375595,0.19952990114688873
585.0,0.3161824643611908,0.15755769610404968
586.0,-0.11423621326684952,0.35432448983192444
587.0,-0.06934420764446259,-0.17986513674259186
588.0,-0.19637630879878998,-0.13678078353405
589.0,0.042442891746759415,-0.2868831753730774
590.0,-0.1057942807674408,0.13556623458862305
591.0,0.22201362252235413,-0.03468292951583862
592.0,0.04169001430273056,-0.23320643603801727
593.0,0.04094590246677399,-0.030087903141975403
594.0,-0.19643624126911163,-0.13678431510925293
595.0,0.30170485377311707,0.29311421513557434
596.0,-0.2287931591272354,0.07521722465753555
597.0,-0.06559786945581436,-0.1349465250968933
598.0,0.00034581395448185503,0.19093157351016998
599.0,-0.00999340321868658,0.12496045231819153
600.0,0.4110800623893738,0.020328855141997337
601.0,-0.35988670587539673,-0.2239948809146881
602.0,-0.10256627947092056,0.008452360518276691
603.0,0.14340996742248535,0.37373679876327515
604.0,0.38532179594039917,0.06590642035007477
605.0,-0.13443858921527863,-0.019814100116491318
606.0,-0.04225272685289383,-0.05836736038327217
607.0,-0.25411853194236755,-0.25867533683776855
608.0,-0.17743948101997375,0.20177724957466125
609.0,-0.010120782069861889,0.12456951290369034
610.0,-0.08273454755544662,0.39632463455200195
611.0,0.14598505198955536,-0.10030427575111389
612.0,-0.3482026755809784,0.12541356682777405
613.0,-0.13013136386871338,0.22167553007602692
614.0,0.10278290510177612,-0.07369203865528107
615.0,0.07052525877952576,0.14333048462867737
616.0,3.19877581205219e-05,0.1882951259613037
617.0,0.07560668140649796,-0.419312983751297
618.0,-0.21019862592220306,-0.3618946075439453
619.0,0.05425736680626869,0.2781241536140442
620.0,-0.055605385452508926,-0.008561125956475735
621.0,0.04013789817690849,-0.03033819980919361
622.0,-0.27887463569641113,0.07471200823783875
623.0,0.15716376900672913,0.2679797410964966
624.0,-0.03457486629486084,-0.38138335943222046
625.0,0.19394095242023468,-0.12338787317276001
626.0,0.12394990772008896,-0.006798861548304558
627.0,0.01673179306089878,-0.18308314681053162
628.0,-0.13435347378253937,-0.012861737981438637
629.0,0.07638376206159592,0.23263926804065704
630.0,0.017518749460577965,-0.13107703626155853
631.0,-0.04574209079146385,-0.2595779001712799
632.0,-0.0950353592634201,0.08612760156393051
633.0,-0.20418675243854523,-0.18675170838832855
634.0,-0.23776808381080627,-0.10754279792308807
635.0,-0.06826881319284439,0.04242648556828499
636.0,0.15999822318553925,-0.21494419872760773
637.0,0.017536232247948647,-0.1311599761247635
638.0,-0.3282420039176941,0.33777186274528503
639.0,0.11047917604446411,0.042466793209314346
640.0,-0.12914907932281494,-0.35292723774909973
641.0,0.2609345614910126,0.15169551968574524
642.0,0.30470091104507446,-0.024045882746577263
643.0,-0.3631551265716553,0.13561545312404633
644.0,-0.05545122176408768,0.14793378114700317
645.0,-0.22900709509849548,0.07439770549535751
646.0,-0.06936697661876678,-0.1798969805240631
647.0,-0.047992777079343796,0.10196761786937714
648.0,-0.06944188475608826,-0.1802171915769577
649.0,-0.13179093599319458,0.050169698894023895
650.0,0.20925851166248322,0.15216222405433655
651.0,-0.1595274806022644,0.2639707624912262
652.0,0.21009531617164612,0.01430459413677454
653.0,0.09413447976112366,0.09323100000619888
654.0,-0.21389707922935486,0.1599147766828537
655.0,0.20959529280662537,0.014396739192306995
656.0,0.28829333186149597,0.19895131886005402
657.0,-0.17737331986427307,0.20167775452136993
658.0,0.3326469659805298,-0.28495529294013977
659.0,-0.3970014452934265,0.2266337275505066
660.0,0.01681385561823845,-0.18278540670871735
661.0,0.008313355036079884,-0.07047329097986221
662.0,-0.3670830726623535,-0.17413447797298431
663.0,-0.447639524936676,-0.006959903985261917
664.0,-0.08124160021543503,-0.09275420755147934
665.0,0.24117517471313477,-0.1435452699661255
666.0,0.25983452796936035,-0.0003317765367683023
667.0,-0.45106062293052673,-0.06528668850660324
668.0,-0.05550245940685272,-0.008421617560088634
669.0,-0.33970022201538086,-0.36837905645370483
670.0,0.3616657853126526,0.24750542640686035
671.0,0.15043886005878448,-0.15011227130889893
672.0,0.2456529289484024,0.050816889852285385
673.0,0.14592914283275604,-0.10054429620504379
674.0,-0.02764560468494892,-0.10664743930101395
675.0,0.061738889664411545,-0.15771102905273438
676.0,-0.28511086106300354,-0.12315929681062698
677.0,-0.2510414123535156,-0.20834338665008545
678.0,0.2278151512145996,-0.2797509729862213
679.0,-0.22679071128368378,-0.058084916323423386
680.0,0.31592851877212524,0.15745079517364502
681.0,0.23711588978767395,0.19726073741912842
682.0,-0.40410563349723816,0.020501237362623215
683.0,-0.13250233232975006,-0.30150285363197327
684.0,-0.1441279500722885,0.10187456011772156
685.0,-0.06601037830114365,-0.4212096035480499
686.0,-0.26803556084632874,0.16566720604896545
687.0,-0.042142122983932495,-0.058372389525175095
688.0,-0.3282449543476105,-0.19618616998195648
689.0,0.1498759537935257,-0.14698538184165955
690.0,-0.2573195695877075,0.028333794325590134
691.0,0.2934277355670929,-0.1409011334180832
692.0,-0.0421295240521431,-0.05836166441440582
693.0,-0.1699908822774887,-0.2693310081958771
694.0,0.05420991778373718,0.2782933712005615
695.0,0.3906305134296417,0.21088767051696777
696.0,-0.10551874339580536,0.1353302001953125
697.0,-0.05801183357834816,-0.3077313005924225
698.0,-0.044198453426361084,0.08638595044612885
699.0,-0.3514236807823181,-0.1270856112241745
700.0,0.10523808002471924,-0.07283727824687958
701.0,0.1600991040468216,-0.21525602042675018
702.0,0.3395572006702423,0.2023777961730957
703.0,-0.06835722923278809,0.04237012192606926
704.0,0.008336295373737812,-0.07049809396266937
705.0,-0.2193862646818161,-0.28720399737358093
706.0,-0.2546151876449585,-0.25739869475364685
707.0,0.09956768900156021,-0.12286186963319778
708.0,-0.09224621206521988,-0.27409934997558594
709.0,-0.0457814559340477,0.19461320340633392
710.0,0.2993451654911041,0.032686877995729446
711.0,-0.027790822088718414,-0.1073438823223114
712.0,-0.02778063341975212,-0.10734079033136368
713.0,-0.2851797640323639,-0.12321136891841888
714.0,0.09417136758565903,0.0929512083530426
715.0,0.3844088912010193,0.3100218176841736
716.0,0.016763119027018547,-0.18306633830070496
717.0,-0.043570198118686676,0.08393348753452301
718.0,-0.06936205178499222,-0.1798018366098404
719.0,0.04308226332068443,0.10072434693574905
720.0,-0.10592217743396759,-0.09900753200054169
721.0,-0.1479085385799408,-0.11832468211650848
722.0,0.04308251664042473,0.10072382539510727
723.0,0.24353304505348206,0.10382145643234253
724.0,0.2937640845775604,0.11620078235864639
725.0,0.09910686314105988,-0.12288236618041992
726.0,0.36907899379730225,0.16110554337501526
727.0,0.2092607468366623,0.1521856039762497
728.0,0.19652564823627472,0.06292496621608734
729.0,0.33862265944480896,-0.1986101120710373
730.0,0.06140696629881859,-0.15800265967845917
731.0,-0.13015860319137573,0.22168776392936707
732.0,-0.22685959935188293,-0.058006349951028824
733.0,0.16195683181285858,0.1731020212173462
734.0,0.10274309664964676,-0.07282232493162155
735.0,-0.20419813692569733,-0.1867416352033615
736.0,0.28094276785850525,0.3381354808807373
737.0,-0.09153854101896286,0.31403905153274536
738.0,-0.14413870871067047,0.10192686319351196
739.0,-0.3955671191215515,-0.0930153876543045
740.0,0.06138326972723007,-0.15788817405700684
741.0,-0.25550511479377747,0.21454046666622162
742.0,0.05421476066112518,0.2780700623989105
743.0,-0.12358710914850235,-0.24936141073703766
744.0,0.14581629633903503,0.0791347473859787
745.0,-0.027622569352388382,-0.20898184180259705
746.0,0.2092411369085312,0.1521206498146057
747.0,0.11038299649953842,0.04232194274663925
748.0,0.0005696525913663208,0.19086742401123047
749.0,0.2499447613954544,0.2928219437599182
750.0,-0.2963145077228546,-0.23395554721355438
751.0,0.4405633211135864,-0.10987597703933716
752.0,0.053943928331136703,0.27827832102775574
753.0,0.09418386220932007,0.09294390678405762
754.0,-0.3049038052558899,-0.13809721171855927
755.0,-0.1953793615102768,0.11257431656122208
756.0,-0.09513822942972183,0.08614877611398697
757.0,0.2886608839035034,-0.1943550705909729
758.0,-0.0554346889257431,-0.008446496911346912
759.0,-0.07720807939767838,-0.22900274395942688
760.0,0.021320326253771782,0.05453014746308327
761.0,-0.0177543256431818,0.3287584185600281
762.0,-0.268757700920105,0.16544340550899506
763.0,-0.26427456736564636,-0.022771576419472694
764.0,0.15981198847293854,0.02939102053642273
765.0,0.032478395849466324,0.3235902786254883
766.0,-0.2460075169801712,0.12067099660634995
767.0,-0.30343136191368103,0.2129189819097519
768.0,0.2220110297203064,-0.03468209505081177
769.0,0.1458517611026764,-0.10038156807422638
770.0,0.008430934511125088,-0.07052208483219147
771.0,0.2070561647415161,0.38712528347969055
772.0,-0.29629284143447876,-0.23389598727226257
773.0,-0.11681168526411057,-0.1990378201007843
774.0,-0.2780669331550598,0.25916653871536255
775.0,0.2586604058742523,-0.24055834114551544
776.0,-0.1774289906024933,0.20210421085357666
777.0,0.08332198858261108,0.3196971118450165
778.0,0.049317874014377594,-0.3796628713607788
779.0,0.4127548336982727,-0.2252819538116455
780.0,0.14316394925117493,-0.05136891081929207
781.0,0.159811869263649,0.029439693316817284
782.0,0.3524288535118103,-0.0519406758248806
783.0,0.10850168019533157,-0.21462778747081757
784.0,-0.11010200530290604,0.2702783942222595
785.0,-0.18031397461891174,0.06618468463420868
786.0,0.3870879113674164,-0.18279902637004852
787.0,-0.32372114062309265,-0.09160012751817703
788.0,0.024905197322368622,0.2358328104019165
789.0,-0.30249354243278503,0.2124841958284378
790.0,0.22695954144001007,-0.27978605031967163
791.0,-0.14413724839687347,0.10190466791391373
792.0,-0.4077431261539459,-0.03690185025334358
793.0,0.25848808884620667,-0.24073652923107147
794.0,-0.07945437729358673,-0.0932767316699028
795.0,0.17524687945842743,0.22060418128967285
796.0,0.04953476041555405,-0.3788551390171051
797.0,0.05424761027097702,0.2783297598361969
798.0,0.0709744319319725,0.1431446671485901
799.0,0.24562619626522064,0.05076326057314873
800.0,0.042571064084768295,-0.28663137555122375
801.0,0.07066617161035538,0.14338959753513336
802.0,0.1797468215227127,-0.26487427949905396
803.0,-0.2464349865913391,-0.33055928349494934
804.0,-0.14801955223083496,-0.11834212392568588
805.0,0.2876701056957245,-0.3369382619857788
806.0,0.09944416582584381,-0.3730917274951935
807.0,-0.31488853693008423,-0.02646482177078724
808.0,-0.3640424609184265,-0.010384696535766125
809.0,-0.13464903831481934,-0.0704725831747055
810.0,-0.11511534452438354,0.43214720487594604
811.0,0.1966458559036255,0.06276271492242813
812.0,0.24994145333766937,0.2928205132484436
813.0,0.15716513991355896,0.26797837018966675
814.0,0.1085129901766777,-0.17058344185352325
815.0,0.0696587860584259,-0.3319711983203888
816.0,0.06137276440858841,-0.1580190807580948
817.0,-0.18038852512836456,0.06612253189086914
818.0,-0.13960742950439453,0.17037002742290497
819.0,0.17940552532672882,-0.4301486909389496
820.0,-0.363859623670578,-0.17267809808254242
821.0,0.33256837725639343,-0.37347546219825745
822.0,-0.39826568961143494,-0.30296432971954346
823.0,-0.013764922507107258,-0.26537489891052246
824.0,-0.17115147411823273,0.016820618882775307
825.0,-0.10926289111375809,-0.1486438661813736
826.0,-0.28007742762565613,0.35875579714775085
827.0,0.09917235374450684,-0.12297970801591873
828.0,0.19161151349544525,-0.17499998211860657
829.0,0.2589869797229767,0.0010505015961825848
830.0,-0.1562109887599945,-0.16809064149856567
831.0,0.3116131126880646,-0.0802340880036354
832.0,0.28819674253463745,0.19874148070812225
833.0,0.23919649422168732,-0.32770323753356934
834.0,0.10594969242811203,0.2740693986415863
835.0,-0.4562927186489105,-0.058605268597602844
836.0,-0.2785690724849701,0.0747717097401619
837.0,0.07468768209218979,0.007039419841021299
838.0,-0.2781028747558594,0.07548952102661133
839.0,0.08298885822296143,0.3200042247772217
840.0,-0.3068746328353882,0.0369480662047863
841.0,-0.2232467532157898,0.20702584087848663
842.0,-0.14065776765346527,0.3112759292125702
843.0,0.1239282563328743,-0.006802355404943228
844.0,0.3397676944732666,0.20269787311553955
845.0,-0.04213710129261017,-0.058373697102069855
846.0,-0.18367286026477814,-0.43290919065475464
847.0,-0.07780478894710541,-0.35584262013435364
848.0,-0.001044789096340537,0.07623230665922165
849.0,0.06353837996721268,0.41866451501846313
850.0,-0.21574854850769043,-0.008798366412520409
851.0,-0.3683262765407562,0.18524235486984253
852.0,0.1428375244140625,0.09483204036951065
853.0,-0.22898335754871368,0.0745798870921135
854.0,-0.009800700470805168,0.12547264993190765
855.0,0.04308826103806496,0.10070626437664032
856.0,-0.3631667494773865,-0.059175290167331696
857.0,0.18827027082443237,-0.07173680514097214
858.0,-0.025444936007261276,0.2393132448196411
859.0,0.3853909373283386,0.06520841270685196
860.0,0.30113348364830017,-0.405790776014328
861.0,0.15717078745365143,0.2679666578769684
862.0,0.2861654460430145,0.07755441218614578
863.0,-0.04213089868426323,-0.058384716510772705
864.0,-0.2804175019264221,0.35894814133644104
865.0,-0.18728958070278168,-0.08876637369394302
866.0,0.260928213596344,0.1517150104045868
867.0,-0.34753093123435974,0.23182423412799835
868.0,-0.27612006664276123,-0.0729236751794815
869.0,-0.1773928552865982,-0.040405645966529846
870.0,-0.3282630741596222,0.082505963742733
871.0,0.17522017657756805,0.2198408991098404
872.0,0.1266201287508011,0.22678284347057343
873.0,0.19405414164066315,-0.12332036346197128
874.0,-0.13442908227443695,-0.019804323092103004
875.0,0.1954832226037979,0.10312589257955551
876.0,-0.01771661639213562,0.3286767899990082
877.0,-0.19387425482273102,0.39128533005714417
878.0,0.14581477642059326,0.07913979142904282
879.0,0.022846220061182976,-0.33314818143844604
880.0,0.14581620693206787,0.07913275063037872
881.0,-0.2377944141626358,-0.1075747013092041
882.0,-0.14076881110668182,0.1707783043384552
883.0,0.28847914934158325,-0.18962563574314117
884.0,-0.2343626618385315,0.25809353590011597
885.0,-0.14413823187351227,0.10191445797681808
886.0,-0.360638827085495,-0.06025411933660507
887.0,0.31660500168800354,0.1576700210571289
888.0,-0.12366395443677902,-0.24943748116493225
889.0,-0.215730220079422,-0.008819096721708775
890.0,0.016763461753726006,-0.1830664724111557
891.0,0.08339854329824448,-0.25808480381965637
892.0,-0.41960927844047546,0.11202872544527054
893.0,0.237333744764328,0.19719699025154114
894.0,0.23031111061573029,0.3407960832118988
895.0,-0.2511783540248871,-0.2083856463432312
896.0,0.024948274716734886,0.23582878708839417
897.0,0.24574100971221924,0.050472572445869446
898.0,-0.09507181495428085,0.08615705370903015
899.0,0.17349974811077118,-0.020270636305212975
900.0,-0.13013747334480286,0.22166956961154938
901.0,-0.0005555992829613388,0.07491684705018997
902.0,0.12444525957107544,-0.0066190846264362335
903.0,0.07640767842531204,0.2327139973640442
904.0,0.1735655665397644,-0.019824501127004623
905.0,0.4435981214046478,-0.05840639770030975
906.0,0.006593563128262758,-0.37623271346092224
907.0,-0.2933136224746704,-0.18232101202011108
908.0,-0.29557573795318604,-0.23451179265975952
909.0,0.21282024681568146,0.24965053796768188
910.0,-0.007471434306353331,-0.3034656345844269
911.0,0.20926986634731293,0.15217100083827972
912.0,-0.01978525146842003,0.027820728719234467
913.0,0.3065263032913208,0.11499733477830887
914.0,-0.2392914891242981,0.3018120527267456
915.0,0.33463767170906067,0.07076627016067505
916.0,-0.06834663450717926,0.04236779734492302
917.0,0.23038752377033234,0.3408844470977783
918.0,0.06876789033412933,-0.33210957050323486
919.0,0.39781102538108826,-0.08146386593580246
920.0,0.17943421006202698,0.3432556092739105
921.0,-0.19621528685092926,-0.3252924382686615
922.0,0.0991038903594017,-0.12288521975278854
923.0,-0.16335196793079376,-0.21805347502231598
924.0,-0.13441279530525208,-0.0196442399173975
925.0,0.06051241233944893,-0.20853376388549805
926.0,0.02499282918870449,0.235744446516037
927.0,-0.21071884036064148,0.26395654678344727
928.0,-0.110120490193367,0.2701890766620636
929.0,0.34416085481643677,-0.1488969773054123
930.0,0.10757797956466675,-0.21420718729496002
931.0,0.01683788187801838,-0.1828056424856186
932.0,0.33456915616989136,0.07078265398740768
933.0,0.14584095776081085,0.07905681431293488
934.0,0.24353133141994476,0.10383852571249008
935.0,0.2609287202358246,0.1517266035079956
936.0,-0.024619128555059433,-0.4431636929512024
937.0,-0.3034844994544983,0.21174128353595734
938.0,-0.043468642979860306,0.0844663754105568
939.0,-0.2158910483121872,0.03529149293899536
940.0,0.22214500606060028,-0.03466055542230606
941.0,0.016316162422299385,0.4137934446334839
942.0,-0.27609357237815857,-0.07291632890701294
943.0,-0.0323668047785759,0.3920062184333801
944.0,0.03718332573771477,-0.4504571855068207
945.0,0.09417685866355896,0.09291312843561172
946.0,-0.13446341454982758,-0.02017338201403618
947.0,-0.04214300960302353,-0.058371227234601974
948.0,0.1266067922115326,0.22681771218776703
949.0,-0.3669900596141815,-0.11792057007551193
950.0,-0.1711636781692505,0.016802087426185608
951.0,0.0024526517372578382,0.28161001205444336
952.0,-0.055453769862651825,-0.008422929793596268
953.0,-0.25749456882476807,0.027974199503660202
954.0,-0.31686094403266907,-0.28168922662734985
955.0,-0.2965444028377533,0.12229624390602112
956.0,-0.05773169547319412,-0.30846744775772095
957.0,0.3690009117126465,0.1610679179430008
958.0,0.12935598194599152,-0.17243415117263794
959.0,0.4202462434768677,0.17424066364765167
960.0,0.0991443544626236,-0.12288354337215424
961.0,0.16207632422447205,0.17298021912574768
962.0,0.061403509229421616,-0.15785445272922516
963.0,0.07641132175922394,0.2326892614364624
964.0,0.23828080296516418,-0.1942327320575714
965.0,-0.07780911773443222,-0.35583746433258057
966.0,0.07482237368822098,0.0067314160987734795
967.0,-0.2484188824892044,-0.3865323066711426
968.0,-0.03180377930402756,0.3910615146160126
969.0,0.3397452235221863,0.20269300043582916
970.0,0.11051057279109955,0.042459044605493546
971.0,0.09945184737443924,-0.3730781376361847
972.0,0.2609366476535797,0.15168817341327667
973.0,0.2813607156276703,-0.28562209010124207
974.0,0.1266142874956131,0.22679150104522705
975.0,0.11046554148197174,0.042218659073114395
976.0,-0.10928402096033096,-0.1489192694425583
977.0,0.02500857599079609,0.23579731583595276
978.0,-0.2159617692232132,0.035408951342105865
979.0,0.24994154274463654,0.29282060265541077
980.0,0.049872610718011856,0.19120009243488312
981.0,0.05808326601982117,-0.06408519297838211
982.0,0.008362311869859695,-0.07059859484434128
983.0,-0.31617313623428345,-0.28202658891677856
984.0,0.05514702945947647,-0.09708789736032486
985.0,0.1597842276096344,0.02943987213075161
986.0,0.1619919091463089,0.1294250190258026
987.0,-0.10931230336427689,-0.14882709085941315
988.0,0.10244794934988022,-0.07288340479135513
989.0,0.2412288933992386,-0.1435168832540512
990.0,-0.14489233493804932,0.3970361649990082
991.0,-0.09158749878406525,-0.04452449455857277
992.0,-0.019658051431179047,0.027686404064297676
993.0,0.35140442848205566,-0.05169230327010155
994.0,-0.005325065925717354,-0.2874690592288971
995.0,0.04308539628982544,0.10069775581359863
996.0,-0.27667880058288574,0.25926700234413147
997.0,0.20927339792251587,0.1521688550710678
998.0,-0.21631325781345367,-0.28870582580566406
999.0,-0.23927529156208038,0.30180367827415466
1000.0,-0.09159877896308899,-0.04455813765525818
1001.0,-0.17102722823619843,0.0167729239910841
1002.0,-0.32198137044906616,0.38770240545272827
1003.0,-0.3819034993648529,0.2689383327960968
1004.0,0.288286954164505,0.1988871991634369
1005.0,-0.17742249369621277,0.20174981653690338
1006.0,0.1458689421415329,-0.10031915456056595
1007.0,-0.1318238228559494,0.05022844672203064
1008.0,0.23940660059452057,-0.3279797434806824
1009.0,0.17310753464698792,-0.019999897107481956
1010.0,0.21290676295757294,0.24949713051319122
1011.0,-0.07807818800210953,0.2320651412010193
1012.0,-0.0033833640627563,-0.2722862660884857
1013.0,0.28829526901245117,0.1989443004131317
1014.0,-0.046953052282333374,0.09754696488380432
1015.0,-0.2769794464111328,0.2592609226703644
1016.0,-0.3982515037059784,0.0699412152171135
1017.0,0.06158936396241188,-0.15772745013237
1018.0,0.3868565261363983,-0.1824638545513153
1019.0,0.14963284134864807,-0.14673124253749847
1020.0,0.11696875095367432,0.13837604224681854
1021.0,-0.0683722272515297,0.0423656590282917
1022.0,-0.1862984299659729,-0.08869314938783646
1023.0,-0.19522707164287567,0.11262129247188568
1024.0,-0.10694456100463867,-0.313441663980484
1025.0,-0.195846289396286,0.4348919093608856
1026.0,-0.055476319044828415,-0.008431848138570786
1027.0,-0.12930437922477722,-0.3534092903137207
1028.0,-0.09420870989561081,0.18456394970417023
1029.0,-0.06829308718442917,0.0424196831882
1030.0,-0.2965502440929413,0.12286591529846191
1031.0,0.09409043937921524,0.09300839155912399
1032.0,0.24355803430080414,0.10380712151527405
1033.0,0.15983730554580688,0.029413148760795593
1034.0,0.2783834636211395,-0.28703221678733826
1035.0,-0.042142029851675034,-0.05837232619524002
1036.0,-0.058104921132326126,-0.30770742893218994
1037.0,-0.0579739548265934,-0.3080201745033264
1038.0,0.3093503713607788,-0.24101875722408295
1039.0,-0.3644076883792877,-0.010466928593814373
1040.0,-0.0486457459628582,0.28604617714881897
1041.0,-0.3215821087360382,0.16584354639053345
1042.0,-0.16334211826324463,-0.21806494891643524
1043.0,-0.22680063545703888,-0.05807628482580185
1044.0,0.16386324167251587,0.4159853160381317
1045.0,0.08694026619195938,-0.03643766790628433
1046.0,0.2096913605928421,0.014371728524565697
1047.0,0.398224800825119,-0.08127249032258987
1048.0,0.24352847039699554,0.10385028272867203
1049.0,0.022906551137566566,-0.3331705927848816
1050.0,-0.15624600648880005,-0.1678735762834549
1051.0,-0.29272496700286865,-0.18040905892848969
1052.0,0.0494653582572937,-0.37880733609199524
1053.0,0.26178327202796936,0.24241416156291962
1054.0,-0.025310132652521133,-0.34339195489883423
1055.0,0.18835672736167908,-0.07189368456602097
1056.0,0.1266968995332718,0.22648122906684875
1057.0,0.10592679679393768,0.274201899766922
1058.0,-0.28723740577697754,0.30932852625846863
1059.0,0.24602018296718597,0.05032534524798393
1060.0,0.1598290652036667,0.029395610094070435
1061.0,0.30927520990371704,-0.2408631145954132
1062.0,-0.2760065793991089,-0.07290647178888321
1063.0,-0.2554389238357544,0.21454395353794098
1064.0,-0.058765310794115067,0.26991748809814453
1065.0,-0.30710095167160034,0.025922875851392746
1066.0,0.3523751199245453,-0.05186503008008003
1067.0,0.23714129626750946,0.1972251683473587
1068.0,-0.131821408867836,0.0502290315926075
1069.0,-0.19628435373306274,-0.13656499981880188
1070.0,0.37648388743400574,-0.3143393099308014
1071.0,-0.14808546006679535,-0.11811962723731995
1072.0,0.15982072055339813,0.02939016744494438
1073.0,-0.2766921818256378,0.25986185669898987
1074.0,-0.3128367066383362,-0.03777764365077019
1075.0,-0.21031484007835388,0.2564730644226074
1076.0,-0.2041817009449005,-0.18676599860191345
1077.0,-0.36835312843322754,0.18525277078151703
1078.0,-0.2137717604637146,0.15995150804519653
1079.0,-0.1717449575662613,-0.3809398114681244
1080.0,0.16262105107307434,0.1289515644311905
1081.0,-0.2042039930820465,-0.18677708506584167
1082.0,-0.36194440722465515,-0.2709582448005676
1083.0,0.06298309564590454,0.05375044047832489
1084.0,0.18822190165519714,-0.0714941918849945
1085.0,0.08377738296985626,-0.25807684659957886
1086.0,-0.2678297460079193,0.16566415131092072
1087.0,-0.07729300856590271,-0.2290121465921402
1088.0,0.36163511872291565,-0.24328047037124634
1089.0,0.20925816893577576,0.15216195583343506
1090.0,0.2351691722869873,-0.09371454268693924
1091.0,0.30938637256622314,-0.24046894907951355
1092.0,0.4137246012687683,0.12412680685520172
1093.0,0.4367634356021881,0.07735881209373474
1094.0,-0.12932802736759186,-0.3533785939216614
1095.0,0.23825828731060028,-0.19419100880622864
1096.0,-0.3069275915622711,0.027688534930348396
1097.0,-0.13017083704471588,0.2216884046792984
1098.0,0.4123397767543793,0.2600328326225281
1099.0,0.33463743329048157,0.07080739736557007
1100.0,0.13434472680091858,-0.25356170535087585
1101.0,-0.16334129869937897,-0.2180662751197815
1102.0,0.2204655408859253,-0.4008790850639343
1103.0,0.09404769539833069,0.09350104629993439
1104.0,0.028923742473125458,0.03771020844578743
1105.0,0.01754527911543846,-0.13127636909484863
1106.0,0.016766425222158432,-0.18304592370986938
1107.0,0.28652945160865784,-0.336870402097702
1108.0,-0.03612907975912094,-0.3864467740058899
1109.0,-0.35619860887527466,0.04031163454055786
1110.0,-0.25112491846084595,-0.20838287472724915
1111.0,-0.23778973519802094,-0.10757571458816528
1112.0,0.04243806377053261,-0.28660035133361816
1113.0,-0.30757325887680054,0.022401917725801468
1114.0,0.35371410846710205,-0.1030217632651329
1115.0,0.1061820313334465,-0.2136489897966385
1116.0,0.08745810389518738,-0.035819388926029205
1117.0,-0.34778887033462524,0.2321033477783203
1118.0,0.26604169607162476,-0.05572370067238808
1119.0,0.1023419126868248,-0.07345554977655411
1120.0,0.06314314156770706,0.053677748888731
1121.0,0.2679107189178467,-0.055533066391944885
1122.0,-0.06826508045196533,0.04242870956659317
1123.0,0.10591284185647964,0.27416884899139404
1124.0,0.3852827847003937,0.06590726971626282
1125.0,0.15981458127498627,0.02939785085618496
1126.0,-0.35622864961624146,0.04032076895236969
1127.0,-0.05804843083024025,-0.3079264163970947
1128.0,-0.06258244067430496,0.35089898109436035
1129.0,-0.1952172964811325,0.11261019110679626
1130.0,-0.24353927373886108,0.3927774727344513
1131.0,0.024945123121142387,0.23573382198810577
1132.0,-0.10435957461595535,0.1350235790014267
1133.0,0.40412017703056335,-0.27270713448524475
1134.0,-0.35940927267074585,-0.009048983454704285
1135.0,0.012821129523217678,0.4165157675743103
1136.0,-0.02841448411345482,-0.21661244332790375
1137.0,-0.055570781230926514,-0.008568682707846165
1138.0,-0.14097335934638977,0.31093746423721313
1139.0,-0.3280322551727295,0.33773598074913025
1140.0,-0.16996882855892181,-0.26925256848335266
1141.0,-0.20419085025787354,-0.18677009642124176
1142.0,-0.3561214804649353,0.04024816304445267
1143.0,-0.17001420259475708,-0.26938921213150024
1144.0,0.11297702044248581,-0.29835259914398193
1145.0,-0.043701596558094025,0.08506924659013748
1146.0,-0.29083600640296936,-0.17990757524967194
1147.0,-0.1678919792175293,0.3530968129634857
1148.0,-0.17499740421772003,-0.040560025721788406
1149.0,0.024770330637693405,0.1483016014099121
1150.0,-0.2965635061264038,0.12286613881587982
1151.0,-0.09514336287975311,0.08612284809350967
1152.0,0.10751739889383316,-0.3073003590106964
1153.0,0.14582769572734833,0.07909884303808212
1154.0,-0.07891234755516052,0.23233474791049957
1155.0,0.0991162359714508,-0.12292176485061646
1156.0,0.06169525906443596,-0.15768927335739136
1157.0,-0.01010805368423462,0.12445817142724991
1158.0,0.22380082309246063,-0.3939923048019409
1159.0,-0.2189345508813858,0.34781908988952637
1160.0,0.3511463701725006,-0.051761042326688766
1161.0,0.1394341140985489,-0.3439022898674011
1162.0,0.1883413940668106,-0.07184381037950516
1163.0,0.017112307250499725,-0.23390968143939972
1164.0,-0.10929472744464874,-0.14873959124088287
1165.0,0.25957053899765015,9.031446825247258e-05
1166.0,-0.18735238909721375,-0.08874843269586563
1167.0,0.07002479583024979,-0.33221638202667236
1168.0,0.026678238064050674,0.14872871339321136
1169.0,-0.020126717165112495,0.027843564748764038
